From ,To
Micah,Colton
Micah,Ryan
Jude,Jade
Olivia,Everly
Olivia,Lucy
Olivia,Eliana
Olivia,Grace
Olivia,Stella
Olivia,Evelyn
Olivia,Brielle
Olivia,Ruby
Olivia,Nova
Olivia,Brooklyn
Olivia,Madison
Olivia,Riley
Olivia,Aubrey
Delilah,Colton
Piper,Daniel
Piper,Anna
Piper,Amir
Abel,Layla
Luna,Jade
Kinsley,Hannah
Kinsley,Kaiden
Kinsley,Thomas
Elena,Gianna
Elena,Finn
Natalie,Everly
Natalie,Theo
Natalie,Grace
Natalie,Max
George,Ivy
George,Kaiden
George,Thomas
Cameron,Eliana
Cameron,Vivian
Brooklyn,Olivia
Brooklyn,Aubrey
Aubrey,Eliana
Aubrey,Natalia
Aubrey,Nova
Aubrey,Olivia
Aubrey,Brooklyn
Ella,Aurora
Ella,Lucas
Ella,Naomi
Ella,Gabriella
Alice,Ruby
Alice,Gabriella
Alice,Audrey
Damian,Ezra
Zoey,Aiden
Zoey,Lillian
Zoey,Amir
Zoey,Chase
Zoey,Isla
Ezra,Damian
Carson,Alan
Eliana,Claire
Eliana,Everly
Eliana,Lucy
Eliana,Stella
Eliana,Cameron
Eliana,Evelyn
Eliana,Olivia
Eliana,Aubrey
Eliana,Vivian
Eliana,Max
Evelyn,Nathan
Evelyn,Eliana
Evelyn,Julian
Evelyn,David
Evelyn,Stella
Evelyn,Olivia
Evelyn,Rico
Finn,Elena
Justin,Mac
Emma,Nova
Emma,Grace
Emma,Autumn
Emma,Melanie
Rico,Evelyn
Seb,Jayden
Seb,Lincoln
Maya,Henry
William,Logan
William,Jace
William,Zach
Brielle,Olivia
Lyla,Max
Lyla,Autumn
Nathan,Julian
Nathan,Evelyn
Aiden,Zoey
Aiden,Isaac
Aiden,Jayden
Aiden,Amir
Aiden,James
Aiden,Clara
Lillian,Zoey
Lillian,Zoe
Lillian,Amir
Lillian,Samuel
Lillian,Liliana
Lillian,Clara
Loren,Beau
Nova,Olivia
Nova,Aubrey
Nova,Emma
Nova,Melanie
Iris,Ariana
Jace,William
Austin,Xavier
Dominic,Ethan
Mac,Anna
Mac,Riley
Mac,Justin
Liliana,Lillian
Emily,Jayden
Matteo,Samuel
Matteo,Clara
Mateo,Levi
Melody,John
Layla,Enzo
Layla,Abel
Enzo,Anna
Enzo,Caleb
Enzo,Santiago
Enzo,Layla
Lucas,Naomi
Lucas,Gabriella
Lucas,Ella
Tanos,Levi
Anthony,Chloe
Carter,Charlie
Carter,Luka
Audrey,Xavier
Audrey,Gabriella
Audrey,Alice
Max,Everly
Max,Eliana
Max,Natalie
Max,Lyla
Thomas,Kinsley
Thomas,Ivy
Thomas,George
Thomas,Kaiden
Thomas,Samuel
Santiago,Enzo
Jade,Luna
Jade,Jude
Gabriel,Sophie
Gabriel,Adrian
Isla,Zoey
Isla,Jayden
Isla,Chase
Isla,Emilia
Riley,Olivia
Riley,Mac
Vivian,Eliana
Vivian,Cameron
Vivian,Melanie
Nora,Jack
Nora,Naomi
Nora,Jaxon
Quinn,Athena
Tristan,Bella
Tristan,Samuel
Logan,William
Lucy,Everly
Lucy,Eliana
Lucy,Stella
Lucy,Olivia
Lucy,Autumn
Grace,Everly
Grace,Natalie
Grace,Natalia
Grace,Olivia
Grace,Emma
Luka,Skylar
Luka,Charlie
Luka,Athena
Luka,Carter
Luka,Rowan
Kaiden,Kinsley
Kaiden,Ivy
Kaiden,George
Kaiden,Thomas
Stella,Lucy
Stella,Eliana
Stella,Evelyn
Stella,Olivia
David,Julian
David,Evelyn
Chloe,Anthony
Chloe,Savannah
Emilia,Isla
Hudson,John
Hudson,Sophie
Hudson,Mason
Beau,Loren
Naomi,Lucas
Naomi,Gabriella
Naomi,Jaxon
Naomi,Ella
Naomi,Nora
Gianna,Elena
Gianna,Eliza
Gianna,Valentina
Gianna,Savannah
Avery,Harper
James,Isaac
James,Aiden
James,Jayden
James,Clara
Samuel,Bella
Samuel,John
Samuel,Tristan
Samuel,Zoe
Samuel,Lillian
Samuel,Ariana
Samuel,Matteo
Samuel,Thomas
Samuel,Clara
Elias,Asher
Elias,Jayden
Elias,Lincoln
Eva,Leilani
Mary,Sophie
Valentina,Gianna
Valentina,Madison
Valentina,Eliza
Valentina,Savannah
Ethan,Dominic
Ryan,Micah
Clara,Bella
Clara,Aiden
Clara,Lillian
Clara,Amir
Clara,James
Clara,Samuel
Clara,Matteo
Charlie,Athena
Charlie,Luka
Charlie,Carter
Isaac,Aiden
Isaac,James
Mason,John
Mason,Hudson
Royd,Rose
Landon,Ayla
Melanie,Ruby
Melanie,Nova
Melanie,Emma
Melanie,Vivian
Mila,Hailey
Asher,Ariana
Asher,Elias
Bella,Tristan
Bella,Jack
Bella,Samuel
Bella,Clara
Theo,Natalie
Maria,Julia
Athena,Charlie
Athena,Luka
Athena,Quinn
Jack,Hailey
Jack,Bella
Jack,Nora
Anna,Alaia
Anna,Mac
Anna,Piper
Anna,Enzo
Rowan,Luka
Rowan,Natalia
Milo,Gabriella
Declan,Kingston
Chase,Zoey
Chase,Jayden
Chase,Amir
Chase,Isla
Jayden,Aiden
Jayden,Amir
Jayden,Chase
Jayden,Isla
Jayden,James
Jayden,Elias
Jayden,Emily
Jayden,Seb
Jayden,Lincoln
Jaxon,Naomi
Jaxon,Nora
Zach,William
John,Sophie
John,Mason
John,Samuel
John,Hudson
John,Melody
Elizabeth,Henry
Addison,Julia
Harper,Hailey
Harper,Avery
Amelia,Alan
Aurora,Levi
Aurora,Leilani
Aurora,Ella
Zoe,Lillian
Zoe,Samuel
Natalia,Everly
Natalia,Grace
Natalia,Aubrey
Natalia,Rowan
Gabriella,Milo
Gabriella,Rose
Gabriella,Lucas
Gabriella,Hailey
Gabriella,Naomi
Gabriella,Audrey
Gabriella,Ella
Gabriella,Alice
Henry,Elizabeth
Henry,Maya
Ayla,Landon
Eliza,Gianna
Eliza,Madison
Eliza,Valentina
Autumn,Lucy
Autumn,Emma
Autumn,Lyla
Adrian,Gabriel
Adrian,Sophie
Lincoln,Jayden
Lincoln,Elias
Lincoln,Seb
Savannah,Gianna
Savannah,Chloe
Savannah,Valentina
Claire,Eliana
Hailey,Rose
Hailey,Mila
Hailey,Jack
Hailey,Gabriella
Hailey,Harper
Daniel,Piper
Ruby,Olivia
Ruby,Alice
Ruby,Melanie
Xavier,Austin
Xavier,Audrey
Julia,Maria
Julia,Addison
Kingston,Declan
Madison,Olivia
Madison,Eliza
Madison,Valentina
Colton,Micah
Colton,Delilah
Alaia,Anna
Skylar,Luka
Rose,Hailey
Rose,Gabriella
Rose,Royd
Levi,Aurora
Levi,Tanos
Levi,Leilani
Levi,Mateo
Everly,Lucy
Everly,Eliana
Everly,Natalie
Everly,Natalia
Everly,Grace
Everly,Olivia
Everly,Max
Julian,Nathan
Julian,David
Julian,Evelyn
Alan,Carson
Alan,Caleb
Alan,Amelia
Amir,Zoey
Amir,Aiden
Amir,Lillian
Amir,Jayden
Amir,Chase
Amir,Piper
Amir,Clara
Ivy,George
Ivy,Kaiden
Ivy,Thomas
Hannah,Kinsley
Caleb,Alan
Caleb,Enzo
Sophie,Gabriel
Sophie,John
Sophie,Mary
Sophie,Adrian
Sophie,Hudson
Leilani,Aurora
Leilani,Levi
Leilani,Eva
Ariana,Asher
Ariana,Iris
Ariana,Samuel
